{"cameraMode":{"drawMode":0,"name":"Shaded","section":"Shading Mode"},"sceneLighting":true,"audioPlay":false,"sceneViewState":{"m_AlwaysRefresh":false,"showFog":true,"showSkybox":true,"showFlares":true,"showImageEffects":true,"showParticleSystems":true,"showVisualEffectGraphs":true,"m_FxEnabled":true},"in2DMode":false,"pivot":{"x":-1.8839020729064942,"y":7.737984657287598,"z":-3.7201969623565676},"rotation":{"x":0.2478845715522766,"y":0.04823314771056175,"z":-0.012356708757579327,"w":0.9675227999687195},"size":11.781434059143067,"orthographic":false}