{"cameraMode":{"drawMode":0,"name":"Shaded","section":"Shading Mode"},"sceneLighting":true,"audioPlay":false,"sceneViewState":{"m_AlwaysRefresh":false,"showFog":true,"showSkybox":true,"showFlares":true,"showImageEffects":true,"showParticleSystems":true,"showVisualEffectGraphs":true,"m_FxEnabled":true},"in2DMode":false,"pivot":{"x":-0.6893693208694458,"y":0.831882119178772,"z":0.6000804305076599},"rotation":{"x":0.19407330453395844,"y":0.0017764301737770439,"z":-0.00035089932498522103,"w":0.9809988141059876},"size":4.841066360473633,"orthographic":false}